{"cameraMode":{"drawMode":0,"name":"Shaded","section":"Shading Mode"},"sceneLighting":true,"audioPlay":false,"sceneViewState":{"showFog":true,"showMaterialUpdate":false,"showSkybox":true,"showFlares":true,"showImageEffects":true,"showParticleSystems":true,"showVisualEffectGraphs":true,"m_FxEnabled":true},"in2DMode":false,"pivot":{"x":-3.1612586975097658,"y":2.538609504699707,"z":-15.325066566467286},"rotation":{"x":0.33883601427078249,"y":-0.09153035283088684,"z":0.033141523599624637,"w":0.9357962608337402},"size":11.834763526916504,"orthographic":false}