{"cameraMode":{"drawMode":0,"name":"Shaded","section":"Shading Mode"},"sceneLighting":false,"audioPlay":false,"sceneViewState":{"showFog":true,"showMaterialUpdate":false,"showSkybox":false,"showFlares":true,"showImageEffects":true,"showParticleSystems":true,"showVisualEffectGraphs":true,"m_FxEnabled":true},"in2DMode":false,"pivot":{"x":-1.3193039894104005,"y":1.2771849632263184,"z":-0.012464940547943116},"rotation":{"x":0.018466930836439134,"y":0.6892751455307007,"z":0.017580661922693254,"w":-0.7240534424781799},"size":3.024744749069214,"orthographic":false}