{"cameraMode":{"drawMode":0,"name":"Shaded","section":"Shading Mode"},"sceneLighting":false,"audioPlay":false,"sceneViewState":{"showFog":true,"showMaterialUpdate":false,"showSkybox":false,"showFlares":true,"showImageEffects":true,"showParticleSystems":true,"showVisualEffectGraphs":true,"m_FxEnabled":true},"in2DMode":false,"pivot":{"x":5.960464477539063e-8,"y":0.10000000894069672,"z":-1.1920928955078126e-7},"rotation":{"x":0.2804661691188812,"y":0.0273515023291111,"z":-0.007995561696588993,"w":0.9594424962997437},"size":4.3348469734191898,"orthographic":false}