{"cameraMode":{"drawMode":0,"name":"Shaded","section":"Shading Mode"},"sceneLighting":false,"audioPlay":false,"sceneViewState":{"showFog":true,"showMaterialUpdate":false,"showSkybox":false,"showFlares":true,"showImageEffects":true,"showParticleSystems":true,"showVisualEffectGraphs":true,"m_FxEnabled":true},"in2DMode":false,"pivot":{"x":3.4677486419677736,"y":1.1699999570846558,"z":15.951593399047852},"rotation":{"x":0.3707185685634613,"y":-0.051506269723176959,"z":0.020596003159880639,"w":0.9270876049995422},"size":1.398966670036316,"orthographic":false}