{"cameraMode":{"drawMode":0,"name":"Shaded","section":"Shading Mode"},"sceneLighting":false,"audioPlay":false,"sceneViewState":{"showFog":true,"showMaterialUpdate":false,"showSkybox":false,"showFlares":true,"showImageEffects":true,"showParticleSystems":true,"showVisualEffectGraphs":true,"m_FxEnabled":true},"in2DMode":false,"pivot":{"x":0.07822619378566742,"y":-1.1420602798461915,"z":1.5873966217041016},"rotation":{"x":0.36011162400245669,"y":-0.006996731273829937,"z":0.002700888318940997,"w":0.9328798055648804},"size":3.2598073482513429,"orthographic":false}